id,name,latitude,longitude,street,house_number,zip,city,email,phone_number,website,acceptance_age,total_places,places_under_3,pedagogical_focus,thematic_focus,image_url,day,opening_time,closing_time,day,opening_time,closing_time,day,opening_time,closing_time,day,opening_time,closing_time,day,opening_time,closing_time
2401,Kita Lobeckstr. 11/Kigä City,52.50025476595674,13.404844737211254,Lobeckstr.,11,10969,Berlin,Kita.Lobeckstr11@kindergaertencity.de,+49-30-30648793,http://www.kindergaerten-city.de/lobeckstr-11,8,110,47,"[""Offene-Arbeit""]","[""sprachliche Bildung""]",https://kita-navigator.berlin.de/bilder/einrichtung/2401,MONTAG,07:00,17:00,DIENSTAG,07:00,17:00,MITTWOCH,07:00,17:00,DONNERSTAG,07:00,17:00,FREITAG,07:00,17:00
146129,Nestwärme,52.5033430341274,13.404498657902717,Ritterstr.,36,10969,Berlin,ritterstrasse@nestwaerme-berlin.de,+49-30-24729098,http://www.kita-ritterburg.de,2,105,21,"[""Early Excellence-Ansatz""]","[""Interkulturelle Pädagogik""]",https://kita-navigator.berlin.de/fallback_einrichtung.jpg,MONTAG,07:15,17:45,DIENSTAG,07:15,17:45,MITTWOCH,07:15,17:45,DONNERSTAG,07:15,17:45,FREITAG,07:15,17:45
379,Ev. Kita St. Simeon,52.50047347097207,13.406595921176553,Wassertorstr.,21A,10969,Berlin,st.simeon-kita@evkvbmn.de,+49-30-6142300,http://evkvbmn.de,12,90,0,"[""Situationsansatz""]","[""Integration von Kindern mit Behinderung"", ""Religionspädagogik"", ""Körper und Bewegung"", ""Sprache""]",https://kita-navigator.berlin.de/fallback_einrichtung.jpg,MONTAG,07:00,17:00,DIENSTAG,07:00,17:00,MITTWOCH,07:00,17:00,DONNERSTAG,07:00,17:00,FREITAG,07:00,17:00
2432,EKT - Zappergeck,52.49899372727877,13.400280633817914,Alexandrinenstr.,1B,10969,Berlin,zappergeck-ev@web.de,+49-30-6156248,,18,25,3,"[""Situationsansatz""]",[],https://kita-navigator.berlin.de/fallback_einrichtung.jpg,MONTAG,08:00,17:00,DIENSTAG,08:00,17:00,MITTWOCH,08:00,17:00,DONNERSTAG,08:00,17:00,FREITAG,08:00,16:30
2426,Waldorfkindergarten Kreuzberg,52.50345253667118,13.399026961408854,Alte Jakobstr.,10,10969,Berlin,wakigakreuzberg@web.de,+49-30-6143087,,18,98,13,"[""Waldorfpädgogik""]","[""Integration von Kindern mit Behinderung""]",https://kita-navigator.berlin.de/fallback_einrichtung.jpg,MONTAG,07:30,16:30,DIENSTAG,07:30,16:30,MITTWOCH,07:30,16:30,DONNERSTAG,07:30,16:30,FREITAG,07:30,16:30
1012,Kita KOTTI,52.50091327456798,13.397752004281246,Alte Jakobstr.,172,10969,Berlin,kita.altejakob@kottiberlin.de,+49-30-6161985,http://www.kotti-berlin.de,12,25,8,"[""EEC (Early Excellence)""]","[""Sprache""]",https://kita-navigator.berlin.de/fallback_einrichtung.jpg,MONTAG,07:00,17:00,DIENSTAG,07:00,17:00,MITTWOCH,07:00,17:00,DONNERSTAG,07:00,17:00,FREITAG,07:00,17:00
1579,Kita Milchstraße ,52.50237522286624,13.397884481790937,Alte Jakobstr.,135,10969,Berlin,kita.milchstrasse@web.de,+49-30-2515532,http://www.kita-milchstrasse.de,12,62,12,"[""Ansatz von Emmi Pikler"", ""Montessori-Pädagogik""]","[""Ästhetische Bildung (Musik und Kunst)"", ""Natur- und Umweltpädagogik"", ""Körper und Bewegung"", ""Integration von Kindern mit Behinderung""]",https://kita-navigator.berlin.de/fallback_einrichtung.jpg,MONTAG,07:30,16:30,DIENSTAG,07:30,16:30,MITTWOCH,07:30,16:30,DONNERSTAG,07:30,16:30,FREITAG,07:30,16:30
339129,Wildfang Kindergarten auf dem Dach,52.503055618265506,13.409997371380896,Prinzenstr.,85D,10969,Berlin,service@wildfang-kindergarten.de,+49-30-62739764,http://www.wildfang-kindergarten.de,9,73,20,"[""Early Excellence""]",[],https://kita-navigator.berlin.de/fallback_einrichtung.jpg,MONTAG,08:00,17:00,DIENSTAG,08:00,17:00,MITTWOCH,08:00,17:00,DONNERSTAG,08:00,17:00,FREITAG,08:00,17:00
864229,"Die Zauberworte - Kita für bewegte Sprache an der Deutschen Oper",52.512727095611744,13.31241332717399,Zauritzweg,9,10585,Berlin,info@zauberworte-berlin.de,+49-3058711746,http://www.zauberworte-berlin.de,12,12,6,"[""Nachhaltigkeit und Bewegung""]","[""Gesundheit"", ""Körper und Bewegung"", ""Natur- und Umweltpädagogik""]",https://kita-navigator.berlin.de/bilder/einrichtung/864229,MONTAG,07:30,16:30,DIENSTAG,07:30,16:30,MITTWOCH,07:30,16:30,DONNERSTAG,07:30,16:30,FREITAG,07:30,16:00
851229,Kita El Mundo de los ninos,52.470347740837134,13.326066789556952,Goßlerstr.,8,12161,Berlin,gossler8@elmundo.berlin,+49-17632996165,https://www.elmundo.berlin,12,70,41,"[""Situationsansatz""]","[""Naturwissenschaftliche Grunderfahrung"", ""Gesundheit"", ""Körper und Bewegung"", ""Natur- und Umweltpädagogik"", ""Interkulturelle Pädagogik""]",https://kita-navigator.berlin.de/fallback_einrichtung.jpg,MONTAG,08:00,17:00,DIENSTAG,08:00,17:00,MITTWOCH,08:00,17:00,DONNERSTAG,08:00,17:00,FREITAG,08:00,17:00
410179,Kita Sophies Welt,52.50645026985023,13.494154727586677,Sophienstr.,28A,10317,Berlin,sophieswelt@sozdia.de,+49-30-51736031,http://www.sozdia.de,12,107,30,"[""Situationsansatz""]",[],https://kita-navigator.berlin.de/bilder/einrichtung/410179,MONTAG,06:00,18:00,DIENSTAG,06:00,18:00,MITTWOCH,06:00,18:00,DONNERSTAG,06:00,18:00,FREITAG,06:00,18:00
2381,EKT Jo Jo,52.55510121101624,13.376025055979316,Schwedenstr.,3A,13357,Berlin,belegung.jojo@gmail.com,+49-30-4656455,http://www.kinderladen-jojo.de,12,26,9,"[""Situationsansatz""]","[""Naturwissenschaftliche Grunderfahrung""]",https://kita-navigator.berlin.de/fallback_einrichtung.jpg,MONTAG,08:00,17:00,DIENSTAG,08:00,17:00,MITTWOCH,08:00,17:00,DONNERSTAG,08:00,17:00,FREITAG,08:00,16:00
2288,Klax Kindergarten Pusteblume,52.55635759170131,13.42083821192595,Eschengraben,37,13189,Berlin,pusteblume@klax-kita.de,+49-30-4720098,http://www.klax-kita.de,9,80,15,"[""Klax Pädagogik""]","[""Integration von Kindern mit Behinderung""]",https://kita-navigator.berlin.de/bilder/einrichtung/2288,MONTAG,06:00,18:00,DIENSTAG,06:00,18:00,MITTWOCH,06:00,18:00,DONNERSTAG,06:00,18:00,FREITAG,06:00,18:00
2042,Kita Bunte Plonzstifte,52.51717775631817,13.490865325606032,Plonzstr.,22,10365,Berlin,plonzstifte@fsd-kita1.de,+49-30-5592163,http://www.fsd-kita1.de,2,240,55,"[""Situationsansatz"", ""Körper und Bewegung""]","[""Natur- und Umweltpädagogik"", ""Körper und Bewegung"", ""Gesundheit""]",https://kita-navigator.berlin.de/fallback_einrichtung.jpg,MONTAG,06:30,17:30,DIENSTAG,06:30,17:30,MITTWOCH,06:30,17:30,DONNERSTAG,06:30,17:30,FREITAG,06:30,17:30
555279,Kita Zahnlücke,52.50049747465334,13.494660189719308,Lückstr.,32,10317,Berlin,infoburatino.berlin@gmx.net,+49-3052284449,http://www.xn--kita-zahnlcke-5ob.de/,12,40,0,"[""Offene-Arbeit""]","[""Gesundheit""]",https://kita-navigator.berlin.de/fallback_einrichtung.jpg,MONTAG,07:00,18:00,DIENSTAG,07:00,18:00,MITTWOCH,07:00,18:00,DONNERSTAG,07:00,18:00,FREITAG,07:00,18:00
2379,EKT Krümelbande,52.54655611576082,13.347637285310396,Lütticher Str.,5,13353,Berlin,vorstand@kinderladen-kruemelbande.de,+49-30-98430863,http://kruemelbande.org,18,13,0,"[""Situationsansatz"", ""Selbstbildungsprozesse, Soziales Lernen""]","[""Körper und Bewegung"", ""Ästhetische Bildung (Musik und Kunst)""]",https://kita-navigator.berlin.de/fallback_einrichtung.jpg,,,,,,,,,,,,,,,
1138,Kita Putte,52.55658830774295,13.38509258122579,Prinzenallee,24,13359,Berlin,putte-e.v.-kita@freenet.de,+49-30-4933088,,12,30,4,"[""Situationsansatz""]","[""Gesundheit"", ""Körper und Bewegung"", ""Sprache""]",https://kita-navigator.berlin.de/fallback_einrichtung.jpg,MONTAG,08:00,17:00,DIENSTAG,08:00,17:00,MITTWOCH,08:00,17:00,DONNERSTAG,08:00,17:00,FREITAG,08:00,17:00
544329,Kita Zauberschlüssel,52.54803254873621,13.454259769641013,Bizetstr.,51,13088,Berlin,info@kita-zauberschluessel.de,+49-30-92372937,http://www.kita-zauberschluessel.de,12,33,10,"[""Situationsansatz""]","[""Gesundheit""]",https://kita-navigator.berlin.de/fallback_einrichtung.jpg,MONTAG,07:00,17:00,DIENSTAG,07:00,17:00,MITTWOCH,07:00,17:00,DONNERSTAG,07:00,17:00,FREITAG,07:00,17:00
894,Kita Liebenwalder Str. 45/Kigä City,52.551856596684864,13.361495042560538,Liebenwalder Str.,45,13347,Berlin,Kita.Liebenwalder@kindergaertencity.de,+49-30-34620660,http://www.kindergaerten-city.de/liebenwalder-str-45,12,135,24,"[""Offene-Arbeit"", ""Ansatz von Emmi Pikler"", ""Marte Neo Methode""]","[""Integration von Kindern mit Behinderung"", ""Gesundheit"", ""Naturwissenschaftliche Grunderfahrung"", ""Körper und Bewegung"", ""Ästhetische Bildung (Musik und Kunst)"", ""Interkulturelle Pädagogik"", ""alltagsintegrierte Sprache""]",https://kita-navigator.berlin.de/bilder/einrichtung/894,MONTAG,06:30,17:00,DIENSTAG,06:30,17:00,MITTWOCH,06:30,17:00,DONNERSTAG,06:30,17:00,FREITAG,06:30,17:00
1205,EKT - Die kleinen Chaoten,52.55184585627845,13.36123879033089,Liebenwalder Str.,44,13347,Berlin,diekleinenchaoten@yahoo.de,+49-3045803777,,24,22,4,"[""Situationsansatz""]","[""Gesundheit"", ""Körper und Bewegung"", ""Integration von Kindern mit Behinderung"", ""Natur- und Umweltpädagogik""]",https://kita-navigator.berlin.de/fallback_einrichtung.jpg,MONTAG,07:30,16:30,DIENSTAG,07:30,16:30,MITTWOCH,07:30,16:30,DONNERSTAG,07:30,16:30,FREITAG,07:30,16:30
621,Kita Paule Platsch,52.53095585158552,13.481333445568383,Bernhard-Bästlein-Str.,52,10367,Berlin,kita-pauleplatsch-lichtenberg@volkssolidaritaet.de,+49-30-9729005,http://www.vs-kitas-berlin.de,2,170,60,"[""Situationsansatz""]","[""Gesundheit"", ""Kneipp-Konzept""]",https://kita-navigator.berlin.de/bilder/einrichtung/621,MONTAG,06:00,18:00,DIENSTAG,06:00,18:00,MITTWOCH,06:00,18:00,DONNERSTAG,06:00,18:00,FREITAG,06:00,18:00
1122229,Kita Tulpe,52.51403497115164,13.312326365802338,Zillestr.,16,10585,Berlin,,,,0,22,0,[],[],https://kita-navigator.berlin.de/fallback_einrichtung.jpg,,,,,,,,,,,,,,,
413129,Die Zauberflöten - Kita an der Deutschen Oper,52.512585394807395,13.311745272548725,Bismarckstr.,25,10625,Berlin,info@zauberfloeten-berlin.de,+49-30-63962985,http://www.zauberfloeten-berlin.de,6,54,16,"[""Bewegungsorientiert+Nachhaltigkeit""]","[""Körper und Bewegung"", ""Gesundheit"", ""Natur- und Umweltpädagogik""]",https://kita-navigator.berlin.de/bilder/einrichtung/413129,MONTAG,07:30,17:00,DIENSTAG,07:30,17:00,MITTWOCH,07:30,17:00,DONNERSTAG,07:30,17:00,FREITAG,07:30,16:00
2575,Kinderladen Rosenthaler Vorstadt ,52.53693627416647,13.403493236787059,Wolliner Str.,60,10435,Berlin,post@kinderladen-rosenthaler-vorstadt.de,+49-3054713948,http://kinderladen-rosenthaler-vorstadt.de/,18,19,5,"[""Situationsansatz""]",[],https://kita-navigator.berlin.de/bilder/einrichtung/2575,MONTAG,07:30,16:30,DIENSTAG,07:30,16:30,MITTWOCH,07:30,16:30,DONNERSTAG,07:30,16:30,FREITAG,07:30,16:30
420,Ev. Kita Brüdergemeinde,52.47677389970149,13.444632696423335,Donaustr.,66,12043,Berlin,kita.bruedergemeine@veks.de,+49-60-6863231,,2,85,27,"[""Situationsansatz""]","[""Integration von Kindern mit Behinderung"", ""Religionspädagogik""]",https://kita-navigator.berlin.de/fallback_einrichtung.jpg,MONTAG,06:00,17:00,DIENSTAG,06:00,17:00,MITTWOCH,06:00,17:00,DONNERSTAG,06:00,17:00,FREITAG,06:00,17:00
1916,Kinderladen Stadtmäuse,52.481609570536044,13.353895311092081,Ebersstr.,18,10827,Berlin,vorstand@stadtmaeuse-berlin.de,+49-30-7828919,http://stadtmaeuse-berlin.de,12,26,8,"[""Bedürfnisorientiert""]","[""Integration von Kindern mit Behinderung""]",https://kita-navigator.berlin.de/fallback_einrichtung.jpg,MONTAG,08:00,16:30,DIENSTAG,08:00,16:30,MITTWOCH,08:00,16:30,DONNERSTAG,08:00,16:30,FREITAG,08:00,16:30
49,Kita Fürstenberger Str. 4/5/Kigä City,52.53713417552354,13.40476740781787,Fürstenberger Str.,4,10435,Berlin,kita.fuerstenberger@kindergaertencity.de,+49-30-34620678,http://www.kindergaerten-city.de/fuerstenberger-str-4,2,180,60,"[""Offene-Arbeit""]","[""Integration von Kindern mit Behinderung"", ""Naturwissenschaftliche Grunderfahrung"", ""Gesundheit"", ""Körper und Bewegung"", ""Natur- und Umweltpädagogik"", ""Ästhetische Bildung (Musik und Kunst)""]",https://kita-navigator.berlin.de/bilder/einrichtung/49,MONTAG,06:30,17:30,DIENSTAG,06:30,17:30,MITTWOCH,06:30,17:30,DONNERSTAG,06:30,17:30,FREITAG,06:30,17:30
1101229,Kita Ella-Barowsky-Str.,52.47735280733352,13.359177111859736,Ella-Barowsky-Str.,15,10829,Berlin,ellabarowskystrasse@inakindergarten.de,,http://www.inakindergarten.de,,0,0,[],[],https://kita-navigator.berlin.de/fallback_einrichtung.jpg,,,,,,,,,,,,,,,
2466,EKT Im Känguru,52.53375295649365,13.427903829316582,Marienburger Str.,30A,10405,Berlin,vorstand@imkaenguru.de,+49-30-44317200,http://www.imkaenguru.de,24,29,4,"[""Montessori-Pädagogik""]",[],https://kita-navigator.berlin.de/fallback_einrichtung.jpg,MONTAG,08:00,17:00,DIENSTAG,08:00,17:00,MITTWOCH,08:00,17:00,DONNERSTAG,08:00,17:00,FREITAG,08:00,17:00
104129,Kita Nella Propella,52.50768772565359,13.460503073764812,Seumestr.,31,10245,Berlin,luisa.schuster@kita-nella-propella.de,+49-30-88949514,http://www.lebensnah.de,12,28,0,"[""Situationsansatz"", ""Ansatz von Emmi Pikler""]","[""Integration von Kindern mit Behinderung""]",https://kita-navigator.berlin.de/bilder/einrichtung/104129,MONTAG,07:30,16:30,DIENSTAG,07:30,16:30,MITTWOCH,07:30,16:30,DONNERSTAG,07:30,16:30,FREITAG,07:30,16:30
835229,Kita Klainohrhaase,52.5061279880725,13.46100256644882,Haasestr.,14,10245,Berlin,leitung@kitaklainohrhaase.de,+49-3022600901,http://www.kitaklainohrhaase.de,12,25,10,"[""Situationsansatz"", ""Projektarbeit, Partizipation""]","[""Integration von Kindern mit Behinderung"", ""Naturwissenschaftliche Grunderfahrung"", ""Körper und Bewegung"", ""Ästhetische Bildung (Musik und Kunst)""]",https://kita-navigator.berlin.de/bilder/einrichtung/835229,MONTAG,07:00,17:30,DIENSTAG,07:00,17:30,MITTWOCH,07:00,17:30,DONNERSTAG,07:00,17:30,FREITAG,07:00,17:30
170129,Integrierter Waldkindergarten,52.53609591975355,13.418180018070844,Kollwitzstr.,66,10435,Berlin,info@stadt-und-waldkinder.de,+49-30-91206632,http://www.stadt-und-waldkinder.de,12,53,15,"[""Situationsansatz"", ""Waldpädagogik""]","[""Körper und Bewegung"", ""Natur- und Umweltpädagogik"", ""Integration von Kindern mit Behinderung""]",https://kita-navigator.berlin.de/fallback_einrichtung.jpg,MONTAG,08:00,17:00,DIENSTAG,08:00,17:00,MITTWOCH,08:00,17:00,DONNERSTAG,08:00,17:00,FREITAG,08:00,17:00
535229,Kindergarten La Sonrisa,52.51808614220127,13.454870496777154,Rigaer Str.,4,10247,Berlin,lasonrisa-ggmbh@outlook.de,+49-1702757169,http://www.lasonrisaberlin.de,12,26,12,"[""Montessori-Pädagogik"", ""Waldorfpädagogik""]","[""Natur- und Umweltpädagogik""]",https://kita-navigator.berlin.de/fallback_einrichtung.jpg,MONTAG,07:30,17:00,DIENSTAG,07:30,17:00,MITTWOCH,07:30,17:00,DONNERSTAG,07:30,17:00,FREITAG,07:30,16:30
812229,Kita Feuerfalter,52.53773508311004,13.373348345380773,Chausseestr.,84,10115,Berlin,feuerfalter@diebildungspartner.de,+49-30120832122,http://www.kita.socius.diebildungspartner.de/feuerfalter/,9,28,10,"[""Situationsansatz"", ""Offene-Arbeit""]","[""Theaterpädagogik""]",https://kita-navigator.berlin.de/bilder/einrichtung/812229,MONTAG,07:00,17:00,DIENSTAG,07:00,17:00,MITTWOCH,07:00,17:00,DONNERSTAG,07:00,17:00,FREITAG,07:00,17:00
397129,Kita Hokus Pokus,52.52457160954807,13.456957194334706,Walter-Friedländer-Str.,26,10249,Berlin,kita-hokuspokus@gmx.de,+49-30-27990249,http://www.kita-hokuspokus.jimdo.com,12,25,10,"[""Situationsansatz""]",[],https://kita-navigator.berlin.de/fallback_einrichtung.jpg,MONTAG,08:00,16:30,DIENSTAG,08:00,16:30,MITTWOCH,08:00,16:30,DONNERSTAG,08:00,16:30,FREITAG,08:00,16:30
2787,Kita Du und Ich,52.471674522967795,13.447397901666843,Kanner Str.,12,12055,Berlin,info-duundich@awo-suedost.de,+49-30-56823640,https://www.awo-südost.de/kitas/kita-du-und-ich,12,98,20,"[""Offene-Arbeit"", ""Situationsansatz""]","[""Integration von Kindern mit Behinderung"", ""Interkulturelle Pädagogik""]",https://kita-navigator.berlin.de/fallback_einrichtung.jpg,MONTAG,06:00,18:00,DIENSTAG,06:00,18:00,MITTWOCH,06:00,18:00,DONNERSTAG,06:00,18:00,FREITAG,06:00,18:00
2334,EKT - Kinderladen Badehaus,52.52732905037147,13.351341417190067,Wilsnacker Str.,62,10559,Berlin,info@kinderladen-badehaus.de,+49-30-3946069,,12,26,10,"[""Situationsansatz""]","[""Natur- und Umweltpädagogik""]",https://kita-navigator.berlin.de/fallback_einrichtung.jpg,MONTAG,08:00,17:00,DIENSTAG,08:00,17:00,MITTWOCH,08:00,17:00,DONNERSTAG,08:00,17:00,FREITAG,08:00,16:00
2937,"Deutsch-Französische Kita
Kiternelle P'tits Loups",52.52015475171833,13.461547048806587,Eldenaer Str.,44,10247,Berlin,info@petitsloups.de,+49-30-42083647,http://www.petitsloups.de,18,30,15,"[""Situationsansatz""]","[""Interkulturelle Pädagogik"", ""Theaterpädagogik"", ""Bundesprogramm Sprach-Kitas""]",https://kita-navigator.berlin.de/bilder/einrichtung/2937,MONTAG,08:00,17:00,DIENSTAG,08:00,17:00,MITTWOCH,08:00,17:00,DONNERSTAG,08:00,17:00,FREITAG,08:00,17:00
511279,Kita Großstadtzwerge,52.470793639782606,13.445978706511962,Braunschweiger Str.,57,12055,Berlin,kontakt@grossstadtzwerge.de,+49-30-97882640,http://www.grossstadtzwerge.de,12,26,10,"[""Reggio-Pädagogik"", ""Montessori-Pädagogik"", ""Situationsansatz"", ""Ansatz von Emmi Pikler""]","[""Ästhetische Bildung (Musik und Kunst)""]",https://kita-navigator.berlin.de/bilder/einrichtung/511279,MONTAG,07:30,16:30,DIENSTAG,07:30,16:30,MITTWOCH,07:30,16:30,DONNERSTAG,07:30,16:30,FREITAG,07:30,16:30
2881,EKT Onnimanni,52.478618004070746,13.34756157418518,Kärntener Str.,11,10827,Berlin,mail@onnimanni.de,+49-30-7828533,,18,24,8,"[""Situationsansatz""]",[],https://kita-navigator.berlin.de/fallback_einrichtung.jpg,MONTAG,07:45,16:45,DIENSTAG,07:45,16:45,MITTWOCH,07:45,16:45,DONNERSTAG,07:45,16:45,FREITAG,07:45,16:45
2326,EKT - Perle,52.52768120148388,13.351707098473376,Wilsnacker Str.,14,10559,Berlin,kinderladenperle@yahoo.de,+49-30-3945859,,21,20,3,"[""Montessori-Pädagogik""]","[""Interkulturelle Pädagogik""]",https://kita-navigator.berlin.de/fallback_einrichtung.jpg,MONTAG,08:00,17:00,DIENSTAG,08:00,17:00,MITTWOCH,08:00,17:00,DONNERSTAG,08:00,17:00,FREITAG,08:00,17:00
305,EKT Urmel,52.47140385249739,13.447326452215133,Kanner Str.,5,12055,Berlin,mail@urmel-kinderladen.de,+49-30-6852152,http://www.urmel-kinderladen.de,24,16,5,"[""Situationsansatz""]",[],https://kita-navigator.berlin.de/bilder/einrichtung/305,MONTAG,08:30,16:30,DIENSTAG,08:30,16:30,MITTWOCH,08:30,16:30,DONNERSTAG,08:30,16:30,FREITAG,08:30,16:30
933229,Kita Spatzenvilla,52.532929010909356,13.360358315924802,Klara-Franke-Str.,1,10557,Berlin,spatzenvilla@ek-educationcare.de,+49-30-39918959,http://www.ek-educationcare.de,12,25,7,"[""Situationsansatz""]","[""Gesundheit"", ""Körper und Bewegung"", ""Naturwissenschaftliche Grunderfahrung""]",https://kita-navigator.berlin.de/fallback_einrichtung.jpg,MONTAG,08:00,16:30,DIENSTAG,08:00,16:30,MITTWOCH,08:00,16:30,DONNERSTAG,08:00,16:30,FREITAG,08:00,16:30
632229,Kita unterm Regenschirm,52.539522201079315,13.425785165621017,Danziger Str.,73,10405,Berlin,Loftschloss2011@googlemail.com,+49-30-84427045,http://Loftschloss.com,12,42,18,"[""Offene-Arbeit"", ""Ansatz von Emmi Pikler""]","[""Naturwissenschaftliche Grunderfahrung"", ""Körper und Bewegung"", ""Natur- und Umweltpädagogik"", ""Interkulturelle Pädagogik"", ""Ästhetische Bildung (Musik und Kunst)"", ""Gesundheit""]",https://kita-navigator.berlin.de/fallback_einrichtung.jpg,MONTAG,07:30,17:00,DIENSTAG,07:30,17:00,MITTWOCH,07:30,17:00,DONNERSTAG,07:30,17:00,FREITAG,07:30,17:00
1005229,Kita Wasserflöhe,52.53603300064553,13.367401276626074,An der Kieler Brücke,31,10115,Berlin,andrea.erdin@johanniter.de,+49-308169013940,http://www.johanniter.de/kinder-jugendhilfe-berlin,8,60,22,"[""Situationsansatz""]","[""Körper und Bewegung"", ""Integration von Kindern mit Behinderung"", ""Gesundheit""]",https://kita-navigator.berlin.de/fallback_einrichtung.jpg,MONTAG,06:00,21:00,DIENSTAG,06:00,21:00,MITTWOCH,06:00,21:00,DONNERSTAG,06:00,21:00,FREITAG,06:00,21:00
1168,Kleiner Fratz,52.46484409938187,13.439004488637146,Bruno-Bauer-Str.,17,12051,Berlin,bb17@kleinerfratz.berlin,+49-30-6841007,http://www.kleinerfratz.berlin,2,40,13,"[""Offene-Arbeit""]","[""Integration von Kindern mit Behinderung"", ""Interkulturelle Pädagogik""]",https://kita-navigator.berlin.de/bilder/einrichtung/1168,MONTAG,06:30,17:30,DIENSTAG,06:30,17:30,MITTWOCH,06:30,17:30,DONNERSTAG,06:30,17:30,FREITAG,06:30,17:30
1865,Kita Freiherr-vom-Stein-Straße,52.482890197544606,13.339121894132044,Freiherr-vom-Stein-Str.,13,10825,Berlin,kita-freiherr-vom-stein@nbhs.de,+49-30-81487801,http://www.kita-freiherr-vom-stein.nbhs.de,9,90,24,"[""Situationsansatz""]","[""Integration von Kindern mit Behinderung""]",https://kita-navigator.berlin.de/fallback_einrichtung.jpg,MONTAG,06:30,17:30,DIENSTAG,06:30,17:30,MITTWOCH,06:30,17:30,DONNERSTAG,06:30,17:30,FREITAG,06:30,17:30
773329,Nezabudki,52.49955754289997,13.332183711761985,Schaperstr.,10,10719,Berlin,blagovest@t-online.de,+49-3047058762,,12,25,10,"[""Situationsansatz"", ""Montessori-Pädagogik"", ""Ansatz von Emmi Pikler""]","[""Gesundheit"", ""Körper und Bewegung"", ""Religionspädagogik"", ""Natur- und Umweltpädagogik"", ""Ästhetische Bildung (Musik und Kunst)""]",https://kita-navigator.berlin.de/fallback_einrichtung.jpg,MONTAG,07:45,16:45,DIENSTAG,07:45,16:45,MITTWOCH,07:45,16:45,DONNERSTAG,07:45,16:45,FREITAG,07:45,16:45
1346,Kita Regenbogen,52.46128343133756,13.377793271877426,Albrechtstr.,103,12103,Berlin,regenbogen@ortefuerkinder.de,+49-30-75777680,http://www.ortefuerkinder.de/unsere-kitas/regenbogen/,9,82,33,"[""Psychomotorische Angebote, Projektarbeit""]","[""Gesundheit"", ""Körper und Bewegung""]",https://kita-navigator.berlin.de/bilder/einrichtung/1346,MONTAG,06:30,17:30,DIENSTAG,06:30,17:30,MITTWOCH,06:30,17:30,DONNERSTAG,06:30,17:30,FREITAG,06:30,17:30
1791,Kita Prinzregentenstraße,52.49268159458958,13.333495669659335,Prinzregentenstr.,97,10717,Berlin,kita-prinzregenten@nbhs.de,+49-30-2182314,http://www.kita-prinzregenten.nbhs.de,24,35,16,"[""Situationsansatz""]","[""Naturwissenschaftliche Grunderfahrung"", ""Gesundheit"", ""Körper und Bewegung"", ""Natur- und Umweltpädagogik"", ""Ästhetische Bildung (Musik und Kunst)""]",https://kita-navigator.berlin.de/fallback_einrichtung.jpg,MONTAG,07:00,16:45,DIENSTAG,07:00,16:45,MITTWOCH,07:00,16:45,DONNERSTAG,07:00,16:45,FREITAG,07:00,16:45
105,Kita Helmistrolche,52.54307868847866,13.420023050722781,Lettestr.,4,10437,Berlin,helmistrolche@hanna-ggmbh.de,+49-304431885500,http://hanna-ggmbh.de/unsere-kitas/helmistrolche,9,72,19,"[""Situationsansatz""]",[],https://kita-navigator.berlin.de/bilder/einrichtung/105,MONTAG,06:30,17:30,DIENSTAG,06:30,17:30,MITTWOCH,06:30,17:30,DONNERSTAG,06:30,17:30,FREITAG,06:30,17:30
2467,Kita der Basisgemeinde Prenzl.Berg,52.542923168632505,13.421439926884373,Dunckerstr.,14,10437,Berlin,kita-basisgemeinde@posteo.de,+49-30-44739712,,12,18,5,"[""Situationsansatz"", ""Ansatz von Emmi Pikler""]","[""Körper und Bewegung"", ""Ästhetische Bildung (Musik und Kunst)""]",https://kita-navigator.berlin.de/fallback_einrichtung.jpg,MONTAG,07:30,15:30,DIENSTAG,07:30,15:30,MITTWOCH,07:30,15:30,DONNERSTAG,07:30,15:30,FREITAG,07:30,15:30
408229,Kindergarten La Sonrisa,52.510786818926015,13.4716605712987,Jessnerstr.,37,10247,Berlin,lasonrisa-ggmbh@outlook.de,+49-30,http://www.lasonrisa-berlin.de,12,1,0,"[""Montessori-Pädagogik"", ""bilingual (deutsch-spanisch)""]","[""Interkulturelle Pädagogik""]",https://kita-navigator.berlin.de/fallback_einrichtung.jpg,MONTAG,08:00,17:00,DIENSTAG,08:00,17:00,MITTWOCH,08:00,17:00,DONNERSTAG,08:00,17:00,FREITAG,08:00,16:00
2943,Kita an der UdK,52.515571962440795,13.335586008004256,Siegmunds Hof,17,10555,Berlin,kitaudk-tu@stw.berlin,+49-30-939398480,http://www.stw.berlin,2,60,24,"[""Offene-Arbeit"", ""Entwicklung eigener kitaübergreifender päd. Standards, Verankerung in der Konzeption""]","[""Ästhetische Bildung (Musik und Kunst)""]",https://kita-navigator.berlin.de/fallback_einrichtung.jpg,MONTAG,07:30,17:00,DIENSTAG,07:30,17:00,MITTWOCH,07:30,17:00,DONNERSTAG,07:30,16:30,FREITAG,07:30,17:00
729329,Kita Max (Kita II),52.5441259071098,13.391900372204619,Brunnenstr.,85,13355,Berlin,hauptstadtkinder@yahoo.de,+49-30-22494984,http://www.hauptstadt-kinder.de,9,40,12,"[""Offene-Arbeit"", ""Situationsansatz""]","[""Körper und Bewegung"", ""Gesundheit""]",https://kita-navigator.berlin.de/bilder/einrichtung/729329,MONTAG,07:30,16:30,DIENSTAG,07:30,16:30,MITTWOCH,07:30,16:30,DONNERSTAG,07:30,16:30,FREITAG,07:30,16:30
729379,Kita Moritz (Kita III),52.5441259071098,13.391900372204619,Brunnenstr.,85,13355,Berlin,hauptstadtkinder@yahoo.de,+49-30-80961895,http://www.hauptstadt-kinder.de,9,30,8,"[""Offene-Arbeit"", ""Situationsansatz""]","[""Natur- und Umweltpädagogik"", ""Gesundheit"", ""Körper und Bewegung""]",https://kita-navigator.berlin.de/bilder/einrichtung/729379,MONTAG,07:30,16:30,DIENSTAG,07:30,16:30,MITTWOCH,07:30,16:30,DONNERSTAG,07:30,16:30,FREITAG,07:30,16:30
2473,Kita Am Karpfenteich,52.48593017743874,13.468874327443528,Am Treptower Park,70,12435,Berlin,info@wegggmbh.de,+49-30-6249407,http://www.kitakarpfenteich.de,12,24,11,"[""Fröbel-Pädagogik"", ""Situationsansatz"", ""Reggio-Pädagogik"", ""Gestaltpädagogik""]","[""Gesundheit"", ""Körper und Bewegung"", ""Natur- und Umweltpädagogik"", ""BNE (KiTa Bienen)""]",https://kita-navigator.berlin.de/fallback_einrichtung.jpg,MONTAG,08:00,17:00,DIENSTAG,08:00,16:00,MITTWOCH,08:00,17:00,DONNERSTAG,08:00,17:00,FREITAG,08:00,17:00
385129,Kita Tiponi II,52.45956562750021,13.379200288155587,Friedrich-Franz-Str.,39,12103,Berlin,tiponi@stadtindianer.org,+49-30-71301430,http://www.stadtindianer.org,12,25,0,"[""Situationsansatz"", ""Montessori-Pädagogik""]","[""Integration von Kindern mit Behinderung"", ""Naturwissenschaftliche Grunderfahrung"", ""Körper und Bewegung"", ""Natur- und Umweltpädagogik"", ""Ästhetische Bildung (Musik und Kunst)"", ""Interkulturelle Pädagogik"", ""Gesundheit""]",https://kita-navigator.berlin.de/bilder/einrichtung/385129,MONTAG,07:00,17:00,DIENSTAG,07:00,17:00,MITTWOCH,07:00,17:00,DONNERSTAG,07:00,17:00,FREITAG,07:00,16:30
2440,Kindertagesstätte Tiponi,52.459623979185196,13.378734488602106,Friedrich-Franz-Str.,12,12103,Berlin,tiponi@stadtindianer.org,+49-30-71301430,http://www.stadtindianer.org/einrichtungen/kita/tiponi/,2,75,28,"[""Montessori-Pädagogik"", ""Situationsansatz""]","[""Integration von Kindern mit Behinderung"", ""Theaterpädagogik"", ""Naturwissenschaftliche Grunderfahrung"", ""Körper und Bewegung"", ""Natur- und Umweltpädagogik"", ""Ästhetische Bildung (Musik und Kunst)"", ""Interkulturelle Pädagogik"", ""Gesundheit""]",https://kita-navigator.berlin.de/bilder/einrichtung/2440,MONTAG,07:00,17:00,DIENSTAG,07:00,17:00,MITTWOCH,07:00,17:00,DONNERSTAG,07:00,17:00,FREITAG,07:00,16:30
2938,"Kita Hedwig und
ihre Kräuterlehrlinge",52.46204349605596,13.435679708747408,Wederstr.,87,12347,Berlin,hedwigslehrlinge@kabelmail.de,+49-30-70084739,http://www.hedwig-und-ihre-kraeuterlehrlinge.berlin,12,22,4,"[""Situationsansatz""]","[""Natur- und Umweltpädagogik"", ""Naturwissenschaftliche Grunderfahrung""]",https://kita-navigator.berlin.de/fallback_einrichtung.jpg,MONTAG,06:00,18:00,DIENSTAG,06:00,18:00,MITTWOCH,06:00,18:00,DONNERSTAG,06:00,18:00,FREITAG,06:00,18:00
386129,Kinderladen Mumpelmonster,52.5193538441387,13.469187753052198,Voigtstr.,26,10247,Berlin,mumpelkita@gmail.com,+49-157,,12,17,2,"[""Situationsansatz"", ""BBP""]","[""Naturwissenschaftliche Grunderfahrung"", ""Ästhetische Bildung (Musik und Kunst)""]",https://kita-navigator.berlin.de/fallback_einrichtung.jpg,MONTAG,08:00,17:00,DIENSTAG,08:00,17:00,MITTWOCH,08:00,17:00,DONNERSTAG,08:00,17:00,FREITAG,08:00,17:00
435129,Kita Spielraum Perlentaucher,52.53093103072562,13.347870121267151,Perleberger Str.,47,10559,Berlin,kontakt@spielraumperlentaucher.de,+49-30-39881662,http://www.spielraumperlentaucher.de,12,50,20,"[""Situationsansatz"", ""Situationsansatz, Sprachförderung""]","[""Gesundheit"", ""Generationsübergreifende Kontakte, Gesundheit, Inklusion, Sprache""]",https://kita-navigator.berlin.de/bilder/einrichtung/435129,MONTAG,07:00,17:00,DIENSTAG,07:00,17:00,MITTWOCH,07:00,17:00,DONNERSTAG,07:00,17:00,FREITAG,07:00,17:00
912229,Kita Wunderkids Tempelhof,52.458215760404656,13.385752619871123,Friedrich-Wilhelm-Str.,10,12099,Berlin,tempelhof@wunderkids.berlin,+49-30-67199199,http://www.wunderkids.berlin,12,80,25,"[""Situationsansatz""]","[""Körper und Bewegung"", ""Sprachförderung und Sprachbildung, Elternarbeit, Inklusion""]",https://kita-navigator.berlin.de/fallback_einrichtung.jpg,MONTAG,07:00,17:00,DIENSTAG,07:00,17:00,MITTWOCH,07:00,17:00,DONNERSTAG,07:00,17:00,FREITAG,07:00,17:00
381129,R.E.H - K.I.D.S,52.459851379698485,13.376893577691943,Kaiserin-Augusta-Str.,60,12103,Berlin,kita@kids-berlin.com,+49-30-75774550,http://www.kids-berlin.com,12,40,20,"[""Situationsansatz""]","[""Körper und Bewegung""]",https://kita-navigator.berlin.de/fallback_einrichtung.jpg,MONTAG,07:00,17:00,DIENSTAG,07:00,17:00,MITTWOCH,07:00,17:00,DONNERSTAG,07:00,17:00,FREITAG,07:00,17:00
810,FRÖBEL Kindergarten Am Ring,52.51492617719765,13.47214032442664,Rigaer Str.,53,10247,Berlin,amring-berlin@froebel-gruppe.de,+49-30,https://amring.froebel.info/,12,240,75,"[""Offene-Arbeit""]","[""Körper und Bewegung"", ""Gesundheit""]",https://kita-navigator.berlin.de/bilder/einrichtung/810,MONTAG,06:00,18:00,DIENSTAG,06:00,18:00,MITTWOCH,06:00,18:00,DONNERSTAG,06:00,18:00,FREITAG,06:00,18:00
757229,Kinderhafen Spreeräuber,52.495782165909006,13.475109528093284,Am Speicher,6,10245,Berlin,carolin.kolbe@greta-und-julica.de,+49-17620193231,http://www.greta-und-julica.de,12,23,6,"[""Reggio-Pädagogik"", ""Offene-Arbeit"", ""Montessori-Pädagogik"", ""Situationsansatz""]","[""Integration von Kindern mit Behinderung"", ""Körper und Bewegung"", ""Ästhetische Bildung (Musik und Kunst)"", ""Interkulturelle Pädagogik""]",https://kita-navigator.berlin.de/fallback_einrichtung.jpg,MONTAG,08:00,17:00,DIENSTAG,08:00,17:00,MITTWOCH,08:00,17:00,DONNERSTAG,08:00,17:00,FREITAG,08:00,17:00
90,Kita Kritzelknirpse,52.54494019623131,13.418704113830271,Lychener Str.,55,10437,Berlin,kritzelknirpse@pfefferwerk.de,+49-30-41722357,http://www.pfefferwerk.de,12,135,40,"[""Situationsansatz""]","[""Ästhetische Bildung (Musik und Kunst)""]",https://kita-navigator.berlin.de/bilder/einrichtung/90,MONTAG,07:00,17:30,DIENSTAG,07:00,17:30,MITTWOCH,07:00,17:30,DONNERSTAG,07:00,17:30,FREITAG,07:00,17:30
2355,Kita Schönwalder Str. 19a/Kigä City,52.541804414190786,13.371254273208601,Schönwalder Str.,19A,13347,Berlin,Kita.Schoenwalderstr19@kindergaertencity.de,+49-30-43207212,http://www.kindergaerten-city.de/schoenwalder-str-19-a,2,123,23,"[""Situationsansatz""]","[""Körper und Bewegung"", ""Gesundheit"", ""Integration von Kindern mit Behinderung""]",https://kita-navigator.berlin.de/bilder/einrichtung/2355,MONTAG,06:00,17:00,DIENSTAG,06:00,17:00,MITTWOCH,06:00,17:00,DONNERSTAG,06:00,17:00,FREITAG,06:00,17:00
162,Humanistische Kita Hopsekäse,52.51171761117344,13.4738372726854,Scharnweberstr.,60,10247,Berlin,hopsekaese@humanistischekitas.de,+49-30-2916164,http://www.humanistischektias.de,12,90,0,"[""Offene-Arbeit""]","[""Körper und Bewegung"", ""Theaterpädagogik"", ""Gesundheit""]",https://kita-navigator.berlin.de/bilder/einrichtung/162,MONTAG,07:00,16:00,DIENSTAG,07:00,16:00,MITTWOCH,07:00,16:00,DONNERSTAG,07:00,16:00,FREITAG,07:00,16:00
2327,EKT - Drunter und Drüber,52.52752086475837,13.342994678752483,Stromstr.,58,10551,Berlin,drunter.und.drueber.platzanfrage@gmx.de,+49-30-3951860,http://www.drunterunddrueber-kinderladen.de,18,23,7,"[""Montessori-Pädagogik"", ""Integration""]","[""Körper und Bewegung"", ""Gesundheit"", ""Integration von Kindern mit Behinderung""]",https://kita-navigator.berlin.de/fallback_einrichtung.jpg,MONTAG,08:00,17:00,DIENSTAG,08:00,17:00,MITTWOCH,08:00,17:00,DONNERSTAG,08:00,17:00,FREITAG,08:00,16:30
415,EKT - Villa Wackelzahn,52.45850995949789,13.382344743778772,Friedrich-Wilhelm-Str.,20,12103,Berlin,villawackelzahn3@aol.com,+49-30-75764484,,9,25,25,"[""Situationsansatz"", ""Sprachförderung""]","[""Integration von Kindern mit Behinderung"", ""Naturwissenschaftliche Grunderfahrung"", ""Ästhetische Bildung (Musik und Kunst)"", ""Sprachförderung, Logopädie, Ergotherapie""]",https://kita-navigator.berlin.de/fallback_einrichtung.jpg,MONTAG,07:30,16:30,DIENSTAG,07:30,16:30,MITTWOCH,07:30,16:30,DONNERSTAG,07:30,16:30,FREITAG,07:30,16:30
273129,Kita Villa Wackelzahn,52.45852755575129,13.381987901962356,Friedrich-Wilhelm-Str.,21,12103,Berlin,villawackelzahn3@aol.com,+49-30-96083803,,9,25,20,"[""Situationsansatz"", ""Spracjförderung""]","[""Ästhetische Bildung (Musik und Kunst)"", ""Integration von Kindern mit Behinderung"", ""Körper und Bewegung"", ""Interkulturelle Pädagogik"", ""Sprachförderung, Logopädie, Ergotherapie""]",https://kita-navigator.berlin.de/fallback_einrichtung.jpg,MONTAG,07:30,16:30,DIENSTAG,07:30,16:30,MITTWOCH,07:30,16:30,DONNERSTAG,07:30,16:30,FREITAG,07:30,16:30
311179,Kita Gulliver,52.45852755575129,13.381987901962356,Friedrich-Wilhelm-Str.,21,12103,Berlin,kita.gulliver@gmx.de,+49-30-72012759,,12,24,6,"[""Situationsansatz""]","[""Körper und Bewegung"", ""Ästhetische Bildung (Musik und Kunst)"", ""Natur- und Umweltpädagogik""]",https://kita-navigator.berlin.de/fallback_einrichtung.jpg,MONTAG,07:30,16:30,DIENSTAG,07:30,16:30,MITTWOCH,07:30,16:30,DONNERSTAG,07:30,16:30,FREITAG,07:30,16:30
1356,EKT - Sonnengarten,52.45782166947198,13.3863911054849,Friedrich-Wilhelm-Str.,89,12099,Berlin,kontakt@berlin-sonnengarten.de,+49-30,,12,20,9,"[""Ansatz von Emmi Pikler"", ""Montessori-Pädagogik"", ""Autonome Bewegungserziehung E.Hengstenberg""]","[""Natur- und Umweltpädagogik"", ""Körper und Bewegung""]",https://kita-navigator.berlin.de/fallback_einrichtung.jpg,MONTAG,08:00,16:00,DIENSTAG,08:00,16:00,MITTWOCH,08:00,16:00,DONNERSTAG,08:00,16:00,FREITAG,08:00,16:00
716229,Kita Aventureros,52.493044208990625,13.327971277793463,Nikolsburger Platz,6,10717,Berlin,aventureros@nikolsburg.de,+49-30-23396910,http://www.aventura-nikolsburg.de,48,25,0,"[""Bilingualität""]","[""Natur- und Umweltpädagogik"", ""Vorschularbeit""]",https://kita-navigator.berlin.de/fallback_einrichtung.jpg,MONTAG,08:00,16:30,DIENSTAG,08:00,16:30,MITTWOCH,08:00,16:30,DONNERSTAG,08:00,16:30,FREITAG,08:00,16:00
2528,Kindergarten Krabbelkäfer,52.4569846058064,13.382246114052537,Burgemeisterstr.,76,12103,Berlin,krabbelkaefer@stadtindianer.org,+49-30-76008077,http://www.stadtindianer.org,12,26,0,"[""Offene-Arbeit""]","[""Integration von Kindern mit Behinderung"", ""Naturwissenschaftliche Grunderfahrung"", ""Gesundheit"", ""Körper und Bewegung"", ""Natur- und Umweltpädagogik"", ""Ästhetische Bildung (Musik und Kunst)""]",https://kita-navigator.berlin.de/bilder/einrichtung/2528,MONTAG,07:30,17:00,DIENSTAG,07:30,17:00,MITTWOCH,07:30,17:00,DONNERSTAG,07:30,17:00,FREITAG,07:30,17:00
2298,Kita Havelberger Str. 21/Kigä City,52.532807851029276,13.346738114047586,Havelberger Str.,21,10559,Berlin,Kita.Havelberger21@kindergaertencity.de,+49-30-39494392,http://www.kindergaerten-city.de/havelberger-str-21,9,55,24,"[""Offene-Arbeit"", ""Situationsansatz""]","[""Naturwissenschaftliche Grunderfahrung"", ""Körper und Bewegung""]",https://kita-navigator.berlin.de/bilder/einrichtung/2298,MONTAG,06:30,17:00,DIENSTAG,06:30,17:00,MITTWOCH,06:30,17:00,DONNERSTAG,06:30,17:00,FREITAG,06:30,17:00
2590,EKT - Mischpoke ,52.54633373476574,13.420786606791246,Lychener Str.,76,10437,Berlin,vorstand.mischpoke@gmx.de,+49-30-40574549,http://www.kinderladen-mischpoke.de,12,30,0,"[""Situationsansatz""]","[""Integration von Kindern mit Behinderung""]",https://kita-navigator.berlin.de/fallback_einrichtung.jpg,MONTAG,08:00,17:00,DIENSTAG,08:00,17:00,MITTWOCH,08:00,17:00,DONNERSTAG,08:00,17:00,FREITAG,08:00,16:30
1911,EKT - Wilde Tiger e.V.,52.460819367083616,13.36635402214336,Bessemerstr.,86,12103,Berlin,kontakt@wildetiger.de,+49-30-7534902,http://www.wildetiger.de,18,17,8,"[""Situationsansatz""]","[""Körper und Bewegung"", ""Natur- und Umweltpädagogik""]",https://kita-navigator.berlin.de/fallback_einrichtung.jpg,MONTAG,07:00,17:00,DIENSTAG,07:00,17:00,MITTWOCH,07:00,17:00,DONNERSTAG,07:00,17:00,FREITAG,07:00,16:00
100129,EKT Sausebrause,52.54769547080227,13.401933189718939,Korsörer Str.,10,10437,Berlin,e.e.k.t.sausebrause@t-online.de,+49-30-48623393,http://kinderladensausebrause.de,12,25,9,"[""Reggio-Pädagogik"", ""Situationsansatz""]","[""Naturwissenschaftliche Grunderfahrung"", ""Natur- und Umweltpädagogik"", ""Gesundheit"", ""Körper und Bewegung"", ""Ästhetische Bildung (Musik und Kunst)""]",https://kita-navigator.berlin.de/fallback_einrichtung.jpg,MONTAG,08:00,16:30,DIENSTAG,08:00,16:30,MITTWOCH,08:00,16:30,DONNERSTAG,08:00,16:30,FREITAG,08:00,16:00
722229,"Kinderladen ""Friedenauer Spatzen""",52.47452126108506,13.340728400861774,Sponholzstr.,51,12159,Berlin,info@frecherspatz.de,+49-30-89742170,,12,25,0,"[""Situationsansatz"", ""Ansatz von Emmi Pikler""]","[""Gesundheit"", ""Körper und Bewegung"", ""Ästhetische Bildung (Musik und Kunst)""]",https://kita-navigator.berlin.de/fallback_einrichtung.jpg,MONTAG,07:00,18:00,DIENSTAG,07:00,18:00,MITTWOCH,07:00,18:00,DONNERSTAG,07:00,18:00,FREITAG,07:00,18:00
1197,Kita Riemenschneiderweg,52.46861153008907,13.348965529255661,Riemenschneiderweg,12,12157,Berlin,kita-riemenschneiderweg@nbhs.de,+49-30-79404994,http://www.kita-riemenschneiderweg.nbhs.de,2,131,38,"[""Reggio-Pädagogik"", ""Situationsansatz"", ""Ansatz von Emmi Pikler""]","[""Integration von Kindern mit Behinderung"", ""Naturwissenschaftliche Grunderfahrung"", ""Theaterpädagogik""]",https://kita-navigator.berlin.de/bilder/einrichtung/1197,MONTAG,06:00,17:30,DIENSTAG,06:00,17:30,MITTWOCH,06:00,17:30,DONNERSTAG,06:00,17:30,FREITAG,06:00,17:30
237,Kita Buntstift,52.50634933137285,13.478184327878012,Pfarrstr.,89,10317,Berlin,buntstift@sozdia.de,+49-30-55669321,http://www.sozdia.de,12,131,0,"[""Situationsansatz""]",[],https://kita-navigator.berlin.de/bilder/einrichtung/237,MONTAG,06:00,18:00,DIENSTAG,06:00,18:00,MITTWOCH,06:00,18:00,DONNERSTAG,06:00,18:00,FREITAG,06:00,18:00
668229,Kita Spielraum Havelsegler,52.533434904049166,13.347344126254171,Havelberger Str.,12,10559,Berlin,kontakt@spielraumhavelsegler.de,+49-30-39405500,http://www.spielraumhavelsegler.de,12,25,8,"[""Situationsansatz"", ""Situationsansatz, Sprachförderung""]","[""Generationsübergreifende Kontakte, Gesundheit, Inklusion, Sprachförderung""]",https://kita-navigator.berlin.de/bilder/einrichtung/668229,MONTAG,07:00,17:00,DIENSTAG,07:00,17:00,MITTWOCH,07:00,17:00,DONNERSTAG,07:00,17:00,FREITAG,07:00,17:00
701,Kita Erich-Weinert-Str. 33/Kigä NordOst,52.55116599998587,13.4192074480154,Erich-Weinert-Str.,33,10439,Berlin,kindergarten.erich-weinert-strasse@kigaeno.de,+49-30-4454055,,9,48,42,"[""Ansatz von Emmi Pikler"", ""reines Krippenhaus (Betreuung von Kindern im Alter von 0-3 Jahren)""]","[""Körper und Bewegung""]",https://kita-navigator.berlin.de/bilder/einrichtung/701,MONTAG,06:00,18:00,DIENSTAG,06:00,18:00,MITTWOCH,06:00,18:00,DONNERSTAG,06:00,18:00,FREITAG,06:00,18:00
2372,EKT - Kila Spatzenkinder,52.55047354350183,13.380752096468072,Bastianstr.,18,13357,Berlin,unsere_zukunft_e.v.-mail@t-online.de,+49-30-4655897,,24,18,2,"[""Situationsansatz""]","[""Körper und Bewegung""]",https://kita-navigator.berlin.de/fallback_einrichtung.jpg,MONTAG,07:15,15:30,DIENSTAG,07:15,15:30,MITTWOCH,07:15,15:30,DONNERSTAG,07:15,15:30,FREITAG,07:15,15:30
1888,Heilsarmee Kita Volltreffer,52.46994919872574,13.33707688857639,Fregestr.,13,12159,Berlin,berlinkita@heilsarmee.de,+49-30-850729230,http://www.heilsarmee.de,12,63,22,"[""Offene-Arbeit"", ""Situationsansatz""]","[""Ästhetische Bildung (Musik und Kunst)"", ""Gesundheit"", ""Körper und Bewegung"", ""Religionspädagogik""]",https://kita-navigator.berlin.de/bilder/einrichtung/1888,MONTAG,07:00,16:30,DIENSTAG,07:00,16:30,MITTWOCH,07:00,16:00,DONNERSTAG,07:00,16:30,FREITAG,07:00,16:30
819229,Kinderladen mima,52.47658867561336,13.32970110873904,Sieglindestr.,8,12159,Berlin,info@kita-mima.de,+49-30-88623734,http://www.kita-mima.de,12,15,8,"[""Offene-Arbeit"", ""Situationsansatz""]","[""Gesundheit"", ""Körper und Bewegung"", ""Ästhetische Bildung (Musik und Kunst)""]",https://kita-navigator.berlin.de/fallback_einrichtung.jpg,MONTAG,08:00,16:30,DIENSTAG,08:00,16:30,MITTWOCH,08:00,16:30,DONNERSTAG,08:00,16:30,FREITAG,08:00,16:30
2387,EKT - Kinderhütte Wiesenstraße,52.548794543492875,13.371746170513003,Wiesenstr.,28,13357,Berlin,tombehm@web.de,+49-304659100,,21,20,0,"[""Offene-Arbeit"", ""Waldorfpädagogik"", ""Montessori-Pädagogik"", ""Situationsansatz""]","[""Integration von Kindern mit Behinderung"", ""Gesundheit"", ""Körper und Bewegung"", ""Natur- und Umweltpädagogik"", ""Interkulturelle Pädagogik""]",https://kita-navigator.berlin.de/fallback_einrichtung.jpg,MONTAG,07:30,17:00,DIENSTAG,07:30,17:00,MITTWOCH,07:30,17:00,DONNERSTAG,07:30,17:00,FREITAG,07:30,16:00
2818,EKT - Stadtkinder,52.551477523037335,13.386126897110076,Grüntaler Str.,6,13357,Berlin,stadtkinder.e.v@web.de,+49-30-27018926,,12,20,10,"[""Situationsansatz""]","[""Integration von Kindern mit Behinderung"", ""Gesundheit"", ""Körper und Bewegung"", ""Natur- und Umweltpädagogik"", ""Ästhetische Bildung (Musik und Kunst)""]",https://kita-navigator.berlin.de/fallback_einrichtung.jpg,MONTAG,07:00,17:00,DIENSTAG,07:00,17:00,MITTWOCH,07:00,17:00,DONNERSTAG,07:00,17:00,FREITAG,07:00,17:00
614279,Private Europa-Kita,52.532989087217366,13.46845551811008,Judith-Auer-Str.,6,10369,Berlin,info@europa-kita.de,+49-30,http://www.europa-kita.de,8,215,64,"[""Situationsansatz""]","[""Körper und Bewegung"", ""Gesundheit"", ""Interkulturelle Pädagogik""]",https://kita-navigator.berlin.de/fallback_einrichtung.jpg,MONTAG,06:30,18:00,DIENSTAG,06:30,18:00,MITTWOCH,06:30,18:00,DONNERSTAG,06:30,18:00,FREITAG,06:30,18:00
100066,Kita Ghislan,52.55083709246373,13.381300677752442,Bastianstr.,21,13357,Berlin,ghislan_berlin@gmx.de,+49-30-46061094,,30,18,0,"[""Situationsansatz""]","[""Körper und Bewegung""]",https://kita-navigator.berlin.de/fallback_einrichtung.jpg,MONTAG,08:00,16:00,DIENSTAG,08:00,16:00,MITTWOCH,08:00,16:00,DONNERSTAG,08:00,16:00,FREITAG,08:00,16:00
1804,EKT - Donnerbagger,52.4881612243743,13.32150493807779,Fechnerstr.,13,10717,Berlin,lindbergkatrin@yahoo.de,+49-30,,12,14,5,"[""Situationsansatz"", ""Körper und Bewegung, Ästhetische Bildung (Musik und Kunst)""]","[""Naturwissenschaftliche Grunderfahrung"", ""Ästhetische Bildung (Musik und Kunst)"", ""Gesundheit"", ""Körper und Bewegung"", ""Natur- und Umweltpädagogik""]",https://kita-navigator.berlin.de/fallback_einrichtung.jpg,MONTAG,07:30,16:30,DIENSTAG,07:30,16:30,MITTWOCH,07:30,16:30,DONNERSTAG,07:30,16:30,FREITAG,07:30,16:30
253179,Kita Raduga,52.48858287329402,13.321312134077198,Fechnerstr.,18,10717,Berlin,kita-Raduga@web.de,+49-30-86008472,http://www.kita-raduga.de,12,31,0,"[""Situationsansatz""]","[""Körper und Bewegung"", ""Natur- und Umweltpädagogik"", ""Naturwissenschaftliche Grunderfahrung""]",https://kita-navigator.berlin.de/fallback_einrichtung.jpg,MONTAG,07:30,17:00,DIENSTAG,07:30,17:00,MITTWOCH,07:30,17:00,DONNERSTAG,07:30,17:00,FREITAG,07:30,17:00
367129,Kita Raduga Pfalzburger Straße,52.48874671790139,13.321199844993444,Pfalzburger Str.,40,10717,Berlin,kita-raduga@web.de,+49-30-86390360,http://www.kita-raduga.de,12,25,0,"[""Situationsansatz""]","[""Körper und Bewegung"", ""Natur- und Umweltpädagogik"", ""Naturwissenschaftliche Grunderfahrung""]",https://kita-navigator.berlin.de/fallback_einrichtung.jpg,MONTAG,07:30,17:00,DIENSTAG,07:30,17:00,MITTWOCH,07:30,17:00,DONNERSTAG,07:30,17:00,FREITAG,07:30,17:00
2004,Kita Phantasialand,52.52572086784987,13.476472566463467,Paul-Junius-Str.,52,10369,Berlin,paul-junius-strasse@kinder-im-kiez.de,+49-30-9725064,http://www.kinder-im-kiez.de/unsere-kitas/paul-junius-strasse/,12,225,80,"[""Situationsansatz""]",[],https://kita-navigator.berlin.de/bilder/einrichtung/2004,MONTAG,06:30,17:30,DIENSTAG,06:30,17:30,MITTWOCH,06:30,17:30,DONNERSTAG,06:30,17:30,FREITAG,06:30,17:30
138179,Kita Remmi-Demmi,52.5516183367451,13.418944865627155,Greifenhagener Str.,29,10437,Berlin,kita-greifenhagener-strasse@kita-remmi-demmi.de,+49-30-76219289,http://www.kita-remmi-demmi.de,11,25,5,"[""Reggio-Pädagogik"", ""Situationsansatz"", ""Montessori-Pädagogik""]","[""Gesundheit""]",https://kita-navigator.berlin.de/bilder/einrichtung/138179,MONTAG,08:00,17:00,DIENSTAG,08:00,17:00,MITTWOCH,08:00,17:00,DONNERSTAG,08:00,17:00,FREITAG,08:00,17:00
1257,Kinderladen Mäusebande,52.47654636273292,13.3290607017764,Sieglindestr.,4,12159,Berlin,info@maeusebande-berlin.de,+49-30-8518399,http://www.maeusebande-berlin.de,12,15,7,[],[],https://kita-navigator.berlin.de/fallback_einrichtung.jpg,MONTAG,07:00,16:00,DIENSTAG,07:00,16:00,MITTWOCH,07:00,16:00,DONNERSTAG,07:00,16:00,FREITAG,07:00,16:00
